{
    "loss": 0.18466128408908844,
    "accuracy": 0.9396551847457886
}